"id","Outcome_M1","Outcome_M2","Outcome_M3","Outcome_M4","Outcome_M5","Outcome_M6","Outcome_M7","Outcome_M8","Outcome_M9","Outcome_M10","Outcome_M11","Outcome_M12"
1,12819.1,6233.71666666667,2736.16666666667,2323.43333333333,1803.632,1661.3996,3456.51236666667,1803.86526666667,2919.28133333333,1569.43333333333,3256.398,1376.38333333333
2,9180.5,5999.91626666667,4946.88133333333,2141.3465,1685.20566666667,1958.83026666667,1491.86166666667,1543.596,1528.516,1604.194,1445.62246666667,1418.07133333333
3,8087.3,9900.0468,1606.66936666667,1248.70443333333,824.009533333333,1518.57143333333,1202.18186666667,923.868933333333,1250.34026666667,827.864833333333,947.650666666667,702.202
4,11277.4,7336.4,3680.48333333333,2909.28333333333,2804.98213333333,2580.17496666667,1870.04403333333,1970.964,1238.01366666667,1392.2995,948.816666666667,770.083333333333
5,3704.16666666667,1764.5492,1504.4995,1011.26566666667,841.945,644.198,763.3435,602.714,572.462666666667,597.498,606.311266666667,606.548
6,12146.3,3406.93233333333,1612.88063333333,1243.8964,1293.565,977.194,1233.4265,886.146,899.566966666667,836.059166666667,782.058666666667,725.5095
7,16538.5333333333,5462.13133333333,4312.5981,2515.51626666667,2356.842,2961.22786666667,1972.74143333333,1750.37526666667,1659.3951,1492.3987,1258.81666666667,1205.73133333333
8,3541.23333333333,1417.5412,1330.88033333333,1016.16576666667,621.93,814.398933333333,731.7976,594.766,544.5,555.166666666667,651.65,541.75
9,13724.8,7388.58333333333,3306.33333333333,2159.91666666667,1566.1307,1390.71426666667,1544.2056,1181.54293333333,965.681333333333,1133.11526666667,1037.28293333333,889.7
10,8434.13333333333,4155.6995,2223.2996,2086.1,1549.68133333333,1541.76666666667,1530.7,1413.88216666667,913.1475,1395.65,896.75,906.883333333333
11,486545.833333333,205108,48733.9,39586.2833333333,16493.2919,11935.8139666667,7527.22136666667,6720.16896666667,5783.8708,3880.58686666667,2018.20293333333,1110.47793333333
12,7586.93333333333,7519.31666666667,2401.17733333333,2017.66333333333,1482.13736666667,1373.7418,1337.2076,1647.848,1537.7952,1232.31216666667,1558.1436,1373.88333333333
13,56251.4333333333,22802.7333333333,22932.5472,6260.68333333333,3006.9595,1231.35746666667,796.8739,650.3313,808.032333333333,386.169033333333,419.9128,439.3957
14,5432.03333333333,3704.9,4767.83333333333,2487.4,2368.01566666667,1745.68226666667,992.049,1301.33333333333,1382.96666666667,967.866666666667,927.9496,812.197333333333
15,2496.73333333333,1194.01586666667,912.127433333333,697.566666666667,650.946,781.445,750.947,794.529966666667,547.6995,526.1495,550.444,535.649333333333
16,4075.3,2597.96666666667,1526.18133333333,1287.91666666667,1047.4815,918.4456,724.766666666667,582.3,704.913666666667,585.35,602.85,604.85
17,3499.4,2255.43333333333,1523.63333333333,1790.13333333333,1745.13333333333,1519.98266666667,974.6992,676.4496,615.616,695.315766666667,520.1,520.1
18,6567.76666666667,4188.5956,2598.89666666667,1982.01366666667,1646.32793333333,1366.56666666667,1209.0955,1340.61566666667,1306.96426666667,1175.5624,864.290533333333,1039.828
19,18557.0333333333,6597.48133333333,7542.66666666667,5506.83333333333,4437.3496,4526.49256666667,2851.2638,1876.48183333333,1972.4,1420.36283333333,1004.0995,861.614666666667
20,2944.93333333333,2275.28333333333,1430.03333333333,1447.36666666667,1235.53193333333,1270.814,723.194,648.481333333333,572.664,672.4495,502.1,513.75
21,2710.26666666667,3150.2896,1874.16546666667,1734.96426666667,1465.23066666667,1024.5474,1023.66133333333,1106.8976,612.996,547.747,654.5936,544.35
22,3062.3,1529.83283333333,1209.28333333333,1171.03233333333,1031.9,1015.51466666667,939.8,602.85,676.95,553.383333333333,533.85,531.35
23,12728.3333333333,8835.06666666667,4382.7,3216.81666666667,1738.79153333333,1524.51043333333,1986.63226666667,1455.864,995.2415,1404.6949,1281.55703333333,875.909
24,5872.5,4136.01666666667,1470.67533333333,1386.73033333333,1101.88866666667,1117.17733333333,1037.56366666667,826.298,842.35,838.266,951.049,698.233333333333
25,133272.5,60580.7,42528.7333333333,16610.9,7282.4915,1840.38696666667,967.808133333333,1004.894,743.196433333333,542.225266666667,563.917466666667,504.169933333333
26,3632.9,2730.31066666667,1574.18976666667,1543.59216666667,1058.64166666667,958.120166666667,963.806666666667,641.891566666667,683.334933333333,678.172,755.466,533.868666666667
27,15300.2666666667,4216.74933333333,4335.35,7217.78333333333,5971.51666666667,2868.3795,2193.03293333333,1974.74726666667,1517.699,1179.98093333333,713.649,649.25
28,16393,5852.46666666667,2578.41626666667,2526.68333333333,1892.86576666667,1626.4992,1875.23333333333,1369.21616666667,1038.11626666667,1267.7,1263.31666666667,1066.63133333333
29,64924.7666666666,29959.2666666667,19293.45,12841,9123.0377,4789.75373333333,3689.80176666667,2806.07293333333,3652.4411,5003.62936666667,2786.56163333333,2466.2477
30,6930.4,5612.4136,3779.83333333333,2249.698,1865.398,1965.18333333333,1415.77813333333,1408.87906666667,1502.46666666667,1730.25,1180.75,1203.43333333333
31,50288.6666666667,19663.8666666667,13358.8166666667,8619.23333333333,4110.53643333333,3213.10916666667,2887.81793333333,1903.58623333333,2412.85286666667,2919.33563333333,2358.12293333333,1888.0705
32,36678.0333333333,8306.03333333333,6166.88333333334,2889.13283333333,4349.98333333333,9853.91616666667,2420.88333333333,1825.549,1808.33093333333,864.3492,821.4,623.1
33,27450.3,12915.2333333333,9307.46666666666,3802.15,2484.79713333333,2239.02743333333,2154.08033333333,1560.3591,1755.4186,1820.88963333333,1646.827,1290.02273333333
34,4803.83333333333,3319.86666666667,4737.15,2426.93333333333,2388.86666666667,1791.0816,1059.98193333333,1211.93333333333,1293.61666666667,947.566666666667,914.0996,807.714
35,5313.63333333333,3064.55,1547.01666666667,1835.1,1400.45,1221.28266666667,1155.16533333333,1180.68333333333,809.4,1194.696,870.466666666667,990.416666666667
36,28230.3,17761.7333333333,13646.2,6601.86666666667,6069.39563333333,3290.50516666667,2897.27553333333,1913.19753333333,2286.22623333333,1919.1447,1877.51353333333,1756.07896666667
37,8274.46666666667,2775.28333333333,1488.68333333333,1105.46666666667,1262.23333333333,797.998,927.547333333333,667.966,649,709.666666666667,651.8476,662.9495
38,4960.4,3261.866,1801.56666666667,1294.9,1102.92733333333,1258.58293333333,1248.83083333333,873.580833333333,878.898,1048.11466666667,817.766666666667,736.283333333333
39,6419.5,2530.51666666667,1046.81386666667,789.5996,654.3488,775.233333333333,748.3975,600.15,533.883333333333,535.9,597.366666666667,513.85
40,2876.56666666667,1549.08083333333,1474.58133333333,1203.96666666667,959.583333333333,646.716666666667,879.716166666667,706.666666666667,595.266666666667,627.433333333333,788,691.166666666667
41,4862.9,3757.41376666667,1515.6753,1359.73133333333,1082.5004,1255.10746666667,1299.9302,1109.05933333333,881.705333333333,941.9891,723.378,803.060666666667
42,2428.23333333333,1122.9,1152.7451,730.5,763.1975,562.6991,607,584.05,569.8995,554.35,560.55,624.4
43,16525.0666666667,9797.23033333333,7388.295,3792.9,2304.92163333333,1912.83513333333,2096.59516666667,1846.2459,1715.62023333333,1950.5902,1617.23506666667,1325.94633333333
44,6595.33333333333,2522.33133333333,1509.36666666667,1008.198,833.548666666667,869.2996,986.2444,653.3,682.548,856.333333333333,597.55,640.033333333333
45,3689.83333333333,1759.63333333333,1200.91666666667,1192.08333333333,874.832933333333,718.5,967.948833333333,564.047,653.216666666667,792.25,640.75,574.35
46,30073.4666666667,15969.6,9040.85,4090.498,4531.36786666667,3156.17233333333,1774.7681,1294.65113333333,1310.46463333333,1899.33783333333,857.831,798.806133333333
47,18935.2,22197.65,8825.97993333333,5094.58293333333,3209.95266666667,2358.65316666667,2142.0557,2161.08103333333,1728.598,1526.6198,1096.82193333333,1906.5
48,73374.3333333333,32987.3333333333,9850.99716666667,7461.499,4042.26113333333,1911.09306666667,1511.2489,2012.9065,1511.24766666667,1635.8018,1968.5564,1328.96776666667
49,22045.7,9201.48333333333,3943.88333333333,3500.53333333333,2144.93266666667,1600.98083333333,1860.266,1205.25733333333,1268.47703333333,1647.696,1455.51466666667,1078.2488
50,3982.96666666667,1950.598,1272.8455,1529.86466666667,1099.3954,754.014,721.448,756.8,648.743,681.792,763.116,645.65
51,29013.8333333333,10783.2,10488.5833333333,4779.28333333333,5868.31316666667,5752.44526666666,2858.3482,1642.74106666667,1968.02793333333,1850.36216666667,1252.52693333333,945.1
52,2802.33333333333,1730.4466,1175.85,923.964666666667,853.269333333333,1040.59626666667,1136.12893333333,970.4884,590.8935,572.097,575.148,511.75
53,50375.3,22491,11394.8,10544.3333333333,4377.28913333333,2957.78966666667,2778.9602,2505.97396666667,2615.4955,2309.12333333333,2333.82713333333,2367.0976
54,25558.3,23174.4562333333,6270.81666666667,4213.582,899.838466666667,340.6353,413.501333333333,320.703666666667,198.8077,132.0575,161.787066666667,89.985
55,31272.7,14191.4666666667,3353.43253333333,2317.498,1955.64866666667,2083.48333333333,1903.58333333333,1543.53213333333,1651.1495,1723.31466666667,1778.5956,1537.07583333333
56,6054.66666666667,4582.28233333333,2791.26666666667,1485.83333333333,1912.87633333333,871.289,990.75,1101.19733333333,675.064666666667,661.33,733.064666666667,845.783333333333
57,3613.03333333333,2098.18283333333,1814.4,1298.43333333333,1304.71426666667,827.112266666667,975.448333333333,720.816266666667,644.033333333333,736.632933333333,640.033333333333,628.216666666667
58,9910.63333333333,7650.03233333334,8604.23133333333,3077.4475,1956.03333333333,1691.862,1687.00966666667,1465.64733333333,1282.61066666667,1372.2457,1182.41666666667,1198.41353333333
59,4960.46666666667,5557.41666666667,2396.81666666667,1717.71566666667,1280.93283333333,1355.86426666667,994.148,689.066266666667,596.964266666667,604.5,783.914266666667,620.698
60,13229.2,13398.9666666667,4765.16666666667,3226.198,1597.9791,1744.33936666667,2573.1832,1813.3952,1637.51333333333,1786.39563333333,1721.7851,997.3016
61,3359.1,1275.63846666667,1243.1946,925.7491,696.05,891.466666666667,801.7,711.630666666667,565.5,596.4,625.1,535.6
62,5727.36666666666,4474.73333333333,1444.76666666667,1351.53333333333,1230.4017,1441.11586666667,1327.05,639.516666666667,663.782,709.5976,682.1155,680.532433333333
63,4918.43333333334,2268.5455,1584.41666666667,1096.58243333333,645.033333333333,784.8656,1018.23293333333,680.498666666667,544.6,607,626.583333333333,544.4
64,4822.13333333333,2403.95,1897.5495,1473,1213.948,2440.6996,1288.33033333333,877.632666666667,1222.51666666667,797.8996,527.6,514.333333333333
65,6275.7,7871.50976666667,2552.35236666667,1640.83666666667,462.341666666667,167.462133333333,252.003333333333,89.8802333333333,49.3555,32.9813666666667,49.6958,33.5931
66,6036.1,5188.666,5135.7815,2948.2,2542.3495,2018.24933333333,1285.62266666667,1388.21983333333,1413.21066666667,1303.66476666667,970.3566,1072.66386666667
67,6885.46666666667,5417.46666666667,6442.13333333333,2555.548,2977.93043333333,2195.13823333333,1333.07813333333,1007.58026666667,1092.9996,955.466166666667,557,548.5
68,10173.2666666667,6290.38333333333,7253.03333333333,2634.33333333333,3417.4957,2207.72066666667,1281.5942,1104.27076666667,1476.13243333333,1087.8975,635.2,665.4
69,8182.33333333333,3416.4475,1719.86666666667,1471.4486,1639.83333333333,1046.348,971.079333333333,975.047333333333,777.282,801.916666666667,840.75,732.9
70,2799.63333333333,4717.9629,4297.9476,1610.03093333333,1627.02556666667,1318.70816666667,1145.48133333333,884.3476,736.183333333333,644.398666666667,565.9475,552.15
71,3485.43333333333,1994.59383333333,1014.66293333333,818.6654,729.5706,1105.27143333333,1173.73393333333,691.008666666667,595.719666666667,696.4516,22.532,5.507
72,3044.2,1076.55,1053.6,895.55,551.7488,614.8,589.35,554.85,517,504,583.499,552.35
73,17420.3,5204.0837,6890.10496666667,9503.11366666667,4435.6375,3624.90916666667,723.317566666667,688.0763,320.386233333333,183.447633333333,55.2604,19.7675
74,3404.9,1154.46666666667,931.548,1084.66666666667,746.43,605.261066666667,648.15,611.55,518.916,597.9,658.2476,599.2
75,2313.63333333333,1228.06126666667,977.262166666667,1081.498,861.447,612.7975,619.5,561.95,545.1475,618.75,537.763666666667,524.9984
76,14682.7333333333,16949.8,4621.93333333333,2724.73333333333,2260.744,2011.96386666667,1898.0964,1904.2,1633.68133333333,910.782033333333,961.364666666667,798.349
77,5721.73333333333,3207.11666666667,1906.03333333333,1866.18333333333,1402.349,2178.71426666667,1274.91666666667,887.147,1239.36126666667,812.681333333333,717.1,522.75
78,28926.6,10900.4,4026.05,3746.48333333333,2623.91666666667,2372.3,2056.748,1932.76666666667,1853.2492,2057.599,1849.148,1856.2495
79,5916.43333333333,3490.31466666667,1827.56466666667,1044.147,1179.0591,1220.72633333333,994.4244,1045.2044,1031.34133333333,990.898,991.3926,747.248
80,11172.5666666667,4493.28333333333,2448.63333333333,1903.51666666667,1520.91466666667,1352.4495,1510.68266666667,1095.23333333333,1042.93243333333,1064.67773333333,913.846,999.764266666667
81,13643.2,11788.3325333333,5078.6,3102.1,1964.22543333333,1677.56066666667,2135.4468,1731.55933333333,1117.94113333333,1236.33033333333,1224.7465,1003.22853333333
82,6384.8,3543.75,1958.68333333333,1909.91666666667,1610.998,1187.9996,1096.232,798.614666666667,639.216666666667,551.15,644.7988,543.65
83,20547.3333333333,5934.81466666667,6642.11666666667,3472.05,7073.93333333333,4460.0148,2838.31386666667,1529.249,1767.45,1370.03,904.5995,853.483333333333
84,12570.2666666667,2941.34126666667,1846.68243333333,1358.57933333333,1130.4973,975.563466666667,1426.82456666667,755.504266666667,723.589133333333,72.1196,35.9704,27.0355
85,60801.3333333334,18459.2333333333,15730.85,7187.98253333333,6435.66526666667,4621.495,4481.9486,3677.3,3127.18036666667,4186.88,3262.31276666667,2983.22913333333
86,3158.96666666667,2722.31666666667,792.848,726.916666666667,689.866266666667,1424.4279,1373.266,709.016666666667,545.6491,617.066,1211.298,636.35
87,38138.4666666667,17691.6309333333,19311.0666666667,6755.83233333333,8630.13706666667,3226.24793333333,2782.57316666667,1915.436,1987.5219,1862.0116,1922.85613333333,1831.17593333333
88,9332.96666666667,4188.33333333333,2187.61666666667,2041.81666666667,1785.24933333333,1636.38133333333,1388.796,1326.26616666667,1100.28083333333,854.233333333333,703.58,1038.166
89,5285.76666666667,2968.42816666667,2578.82256666667,995.439833333333,809.8363,825.849933333333,851.666933333333,668.3144,588.4771,631.8401,1120.59633333333,597.9531
90,5452.73333333333,2605.58333333333,1600.2,1570.76666666667,905.729333333333,662.5,924.466666666667,768.779333333333,601.548,711.4,664.8,585.35
91,2303.76666666667,1202.11666666667,870.633333333333,712.765,641.5495,609.8976,732.0995,582.75,546.25,537.75,534.15,506
92,19325.3666666667,6785.5066,7882.78133333334,4078.01666666667,3880.90446666667,3030.42323333333,1955.5257,1349.01696666667,1274.39883333333,1332.29326666667,828.5564,698.242266666667
93,17756.2666666667,9168.9,11323.85,4241.78333333333,7792.13333333333,4801.48333333334,3176.6,2135.71526666667,2200.48333333333,1339.53133333333,941.083333333333,881.283333333333
94,24685.3333333333,10552.7666666667,10099.3666666667,7687.16666666667,6194.8434,5139.81013333333,2949.3449,2215.87736666667,1997.37833333333,1708.5438,1147.4976,981.966166666667
95,3803.56666666667,2619.8,1263.98333333333,1700.16666666667,1275.21666666667,1186.71666666667,734.266266666667,835.666666666667,733.4495,946.966666666667,773.716666666667,805.583333333333
96,39745.2,20269.3796,7876.9447,4282.94616666667,2709.15406666667,1681.2121,1593.17246666667,1430.5509,1108.0725,505.308466666667,768.363733333333,636.303766666667
97,10406.0666666667,7319.55,5249.01666666667,3163.38333333333,3572.26666666667,3654.48333333333,2031.31453333333,1625.049,1411.328,1189.93093333333,951.4,672.883333333333
98,5374.93333333333,6831.62953333334,3857.44866666667,2692.58293333333,1736.5496,1148.76186666667,1148.22393333333,1014.3872,745.593,774.545466666667,884.707666666667,696.332833333333
99,17064.3,12591.0666666667,6054.78333333333,3546.3,2703.8456,2205.56666666667,1871.314,1966.46536666667,2312.8966,2008.02433333333,1897.71666666667,1478.9941
100,21343.2333333333,14392.0333333333,5527.08333333333,4009.85,2259.9917,1540.68043333333,2102.8615,1902.21306666667,1289.848,1511.36576666667,1264.23003333333,977.312666666667
101,8692.73333333333,3118.93266666667,1967.38333333333,1527.248,1236.11366666667,1139.45966666667,1463.46666666667,844.232666666667,941.916666666667,723.481466666667,763.198266666667,655.798
102,3288.26666666667,2471.43333333333,1501.35,958.7,952.4496,1101.29826666667,856.131333333333,629.25,661.55,556.166666666667,590,585.866666666667
103,16955.1666666667,5791.43333333333,2367.35,1718.05,1524.25,1409.35,1557.53026666667,1618.37933333333,1310.73333333333,1045.72573333333,1149.08103333333,1352.46306666667
104,3200.46666666667,2428.998,1405.61666666667,1244.18333333333,1193.0906,842.85,654.65,575.3,713.929333333333,742.248,659.298,601.2
105,4268.56666666667,2809.63066666667,1582.79833333333,1141.24893333333,711.276533333333,859.4115,1368.44916666667,833.315233333333,692.177933333333,92.5182666666667,15.9894,24.1886
106,49755.8666666666,15938.3,6213.14616666667,3463.1697,3058.27586666667,4056.03673333333,2035.05186666667,2037.8961,2039.0599,1846.70683333333,1821.12883333333,834.536366666667
107,36555.5666666667,48760.3450666667,3495.21083333333,7358.18633333333,3420.796,1931.78126666667,1397.82023333333,2026.1412,1304.39956666667,1377.3216,883.000833333333,793.471333333333
108,38611.2,23204.6646666667,8445.58283333333,3327.71166666667,2305.0391,1871.04726666667,1862.63436666667,1416.21696666667,1204.0668,1647.16053333333,1056.60876666667,78.4721
109,7909.06666666667,3558.86666666667,2652.66666666667,2581.36666666667,2195.85,2227.5,1540.28333333333,1272.7472,1434.5996,732.55,712.15,633.966
110,6875.93333333333,2929.8222,1715.86466666667,1382.14393333333,1185.30716666667,1065.7566,881.6496,774.2472,663.528533333333,964.358133333333,851.978733333333,653.466
111,4481.8,2704.85,1556.148,1166.15776666667,697.1316,646.279333333333,897.216666666667,565.495,709.45,940.931333333333,728.498,796.648
112,5425.83333333334,2595.36666666667,1537.56566666667,1555.96666666667,1155.51426666667,1201.6464,1083.696,712.848,821.682933333333,956.366666666667,658.45,584.35
113,6586.36666666667,2498.4996,1737.65,1471.31666666667,1218,988.333333333333,972.563333333333,719.076666666667,749.382666666667,775.564666666667,847.064666666667,746.2
114,3238.9,1394.75,1147.71666666667,707.947,649.298,623.498,695.15,1076.2,539.4645,573.783333333333,526.45,528.2
115,20373.2333333333,11366.2293333333,5290.595,4820.71666666667,2887.40246666667,2020.68056666667,1824.3466,1631.57893333333,1587.83293333333,1993.87816666667,1170.7995,907.5467
116,3006.16666666667,2286.07993333333,1478.616,1351.62933333333,1039.34666666667,903.107,1073.36673333333,744.354,758.415933333333,658.207966666667,767.8412,685.846
117,19200.4,6978.066,1889.2495,1271.86666666667,1206.1435,1298.88333333333,1589.49633333333,1490.7576,1074.2056,987.708766666667,1242.54783333333,1143.224
118,2793.56666666667,1076,956.098,923.481733333333,750.313766666667,672.5492,628.133333333333,557.948,544.95,576.85,660.816166666667,677.15
119,2955.83333333333,1924.93333333333,1401.71616666667,1282.048,931.031333333333,786.912666666667,881.55,634.533333333333,560.399,541.3,518.05,541.6984
120,21470.2333333333,9739.4,4206.7,2704.56626666667,2372.83053333333,2199.33293333333,2058.3496,2243.33333333333,1522.11436666667,1829.95,1835.47756666667,1503.97466666667
121,4102.76666666667,2963.2495,1104.51433333333,844.0976,545.228933333333,559.25,675.966666666667,633.5,1413.6,532.533333333333,596.4294,547.2985
122,3164.7,2386.7,1019.41666666667,684.316666666667,681.0464,799.079233333333,1226.58333333333,568.283333333333,531.75,555.7,574.95,514
123,2136.33333333333,1393.58216666667,762.748,801.933333333333,619.549,531.7,550.8,541.666666666667,503,501.2,506,510.5
124,49115.8666666666,29022.3326666667,8176.91566666667,4796.5487,3123.27756666667,2609.0809,2332.87466666667,2180.9981,2075.6101,1777.37446666667,2028.90486666667,1651.2225
125,11018.3333333333,4078.54483333333,2202.29096666667,1720.50286666667,1143.2741,1147.75403333333,1235.51543333333,1158.4305,1149.85686666667,1168.1878,1073.23043333333,1050.88133333333
126,7827.43333333333,8514.50566666667,2255.55133333333,1870.1718,1408.0133,1197.738,238.970933333333,84.8019,89.3271,70.8746333333333,35.9324,36.8093666666667
127,14893.7333333333,6387.8738,3224.0615,2610.14333333333,1620.29043333333,354.4616,430.8134,117.6387,151.143133333333,77.3459333333333,41.9759,27.715
128,7824.1,3185.51326666667,2450.56666666667,1572.596,1177.12443333333,751.243,1212.77093333333,801.973333333333,822.0348,898.5424,626.54,630.098
129,16769.3333333333,4512.48333333333,3289.71276666667,1644.6495,1380.32296666667,1608.36206666667,1635.39633333333,878.215866666667,1403.12993333333,858.013166666667,850.5491,740.214
130,27703.6,14237.1333333333,7174.3,4469.93333333333,3388.14676666667,3825.26546666667,4308.266,2044.56566666667,2231.08333333333,2201.93333333333,1655.04666666667,1452.9483
131,3892.8,1314.66266666667,1006.00846666667,686.7824,787.876666666667,697.131,659.459666666667,829.59,724.264666666667,586.294,615.048,594.131333333333
132,26141.9666666666,10932.2,4746.898,6953.83333333333,2293.08283333333,2265.5476,2008.81666666667,1875.06283333333,1505.2992,1839.48243333333,1648.566,1425.36306666667
133,15046.8,6068.3286,2855.94816666667,1532.345,1200.63203333333,1014.72733333333,1314.14493333333,1371.87436666667,1134.5063,898.810366666667,902.576166666667,864.192066666667
134,3094.13333333333,1771.85703333333,1212.56466666667,1165.92093333333,927.628,815.566,701,738.016666666667,679.848333333333,582.25,632.1,549.15
135,13689.8666666667,9943.44816666667,5410.4,3307.18333333333,5435.84586666666,1432.1024,2069.0487,1607.4261,1437.8389,1397.8435,1541.9254,1056.98133333333
136,12421.3666666667,6290.6286,3170.29533333333,2650.42933333333,1809.0379,1559.17793333333,1725.50873333333,1392.96983333333,1184.21066666667,1120.47626666667,1113.92653333333,917.848
137,49832.7,19060.6333333333,34563.1142666667,15144.6833333333,14440.2785,2501.59263333333,1032.2676,735.812,539.564833333333,522.268266666667,244.901333333333,87.1278
138,26395,6102.13776666667,5786.4448,5022.36143333333,3572.617,1976.4551,2455.009,1951.72313333333,1857.29503333333,2205.42113333333,1248.36883333333,1173.25466666667
139,3422.1,3828.3142,2601.66626666667,1969.6928,1494.63763333333,1357.45176666667,884.541266666667,828.783833333333,1053.62253333333,747.431433333333,640.244,593.2456
140,3791.73333333333,1952.58333333333,1353.1,1109.86666666667,855.730933333333,739.966166666667,835.5,721.233333333333,565.25,638.1,582.833333333333,525.15
141,2672.73333333333,999.760666666667,1308.55926666667,1028.63093333333,580.033333333333,609.35,664.9975,628.15,561.2495,557.15,626.2496,537.7
142,19437.8666666667,8252.36666666667,3408.43133333333,2263.7465,1776.4775,1615.51626666667,1661.512,1319.97733333333,1224.88293333333,1319.5456,1336.16546666667,1134.049
143,3076.3,2513.71666666667,953.373733333333,1015.0955,1102.07866666667,747.833333333333,667.999,747.1,603.3485,530.55,589.5,614.666666666667
144,7966.26666666667,3095.33293333333,2098.2456,1623.614,1010.7455,1479.61586666667,1403.6,1342.72893333333,1240.33066666667,1510.86666666667,1437.11666666667,771.648
145,72306.1333333333,42705.8666666667,16669.3833333333,7975.37686666667,5236.96833333333,5287.466,3038.5357,3541.51093333333,2789.51763333333,2780.2968,2638.89366666667,2182.37186666667
146,6533.93333333333,2775.65286666667,2104.17353333333,1466.01516666667,891.5578,808.277333333333,1103.52883333333,784.845266666667,667.8395,726.977333333333,11.012,5.006
147,5336.5,5141.48133333333,2865.16666666667,2508.18333333333,1924.5931,1410.79583333333,1787.14866666667,1147.86316666667,967.3447,1331.12883333333,1256.248,806.532133333333
148,27494.9,14591.8,5429.33333333333,3447.73333333333,2487.6,2328.3959,2190.2156,2174.498,1755.364,1831.0991,1907.33023333333,1756.2464
149,19622.5,11085.2833333333,6774.33333333333,5120.4,3180.866,3234.966,2322.16616666667,2213.38333333333,2675.98233333333,2287.9995,1726.51266666667,1818.13333333333
150,15631.6333333333,11597.9666666667,7417.6,3040.98083333333,2568.42466666667,1874.83093333333,2086.46276666667,1784.63116666667,1508.88153333333,1384.3492,1157.83293333333,1001.6
151,14634.9,6045.7,4596.88133333333,3497.05,1659.83033333333,1442.32506666667,1615.91666666667,1409.298,818.998,759.9433,1340.96586666667,1202.4496
152,40117.9666666667,12425.85,6327.03293333333,3847.56326666667,2662.1975,2316.366,2145.0468,2434.9476,1732.2466,1702.1351,1693.3332,1667.98413333333
153,4496.5,1449.52776666667,1066.11666666667,1085.51066666667,685.5996,707.480833333333,863.131333333333,881.782833333333,617.85,772.983333333333,658.098,613.2992
154,12665.8666666667,5840.76426666667,3388.51426666667,2329.794,1369.66666666667,1381.38026666667,1598.04733333333,967.821333333333,1355.005,1070.45026666667,813.334,858.0665
155,10512.5333333333,4978.5966,2711.1976,1975.7496,1405.55616666667,1327.0956,1571.159,2069.74743333333,1060.07173333333,756.159166666667,832.0242,941.061466666667
156,3681.33333333333,2007.3972,1488.86666666667,1075.18333333333,764.9,666.398,867.416666666667,564.549,568.5,556.95,604.898,579.0484
157,16168.8,7166.948,2654.76586666667,1901.62933333333,1725.628,1658.25,1508.1,957.7816,1101.23283333333,1387.98133333333,1317.26266666667,952.833333333333
158,6036.76666666667,2913.6996,1822.13333333333,1596.76666666667,1130.6926,803.261666666667,885.780833333333,740.910166666667,707.264666666667,757.598,793.1485,626.298
159,40569.5333333333,21725.7,7772.76666666667,6144.08333333333,6367.15176666667,3112.85796666667,2390.364,2728.8965,1837.94423333333,2024.79893333333,1824.90786666667,1480.66006666667
160,26709.7333333333,11873.4115666667,8282.2083,4730.04526666667,2532.42786666667,699.8546,520.9607,301.564666666667,351.706133333333,357.120633333333,158.3336,92.9798
161,183252.633333333,70478.8666666667,29356.8166666667,20789,9302.34013333333,6500.68706666667,6842.60713333333,7184.14843333333,6097.33026666667,4834.20886666667,5440.72756666667,4171.58856666667
162,3016.36666666667,1962.26283333333,1331.05426666667,1059.231,707.3124,810.137,974.415933333333,604.542,562.447333333333,13.6192,3.008,3.008
163,3167.06666666667,1356.47933333333,1175.75,919.5457,669.162266666667,746.4136,673.9,676.598,759.25,650.25,662.933333333333,599.55
164,3900.8,1946.31666666667,1756,1888,1612.38233333333,2040.5,1231.7,1118.96226666667,712.183333333333,641.413666666667,559.7,519.65
165,3012.93333333333,1956.50233333333,1054.12343333333,1020.91116666667,803.3451,657.1,722.914,627.848,601.389,812.158666666667,644.421366666667,549.258
166,29711.6333333333,13818.3292666667,10568.8333333333,4782.38133333333,5030.27293333333,4339.53873333333,3420.34676666667,1883.5099,1876.99563333333,1921.21573333333,1107.6324,924.7988
167,14856.4333333333,7611.00483333334,6596.47966666666,2964.46113333333,3171.49483333333,1637.07373333333,1704.6463,1789.2612,1318.15836666667,1593.86693333333,1538.91533333333,1875.41306666667
168,22922.9333333333,15575.5,11850.2166666667,6979.7,3797.77286666667,2581.7874,2236.61036666667,1505.57206666667,1769.55466666667,2642.68573333333,1743.50026666667,1317.88913333333
169,3512.03333333333,3412.25,1524.31666666667,1447.1496,1499.56616666667,1125.06166666667,805.5,1009.35,733.05,936.266266666667,656.664666666667,828.133333333333
170,4329.43333333333,2200.48133333333,1419.11066666667,1333.37843333333,957.492433333333,717.3435,736.048,578.732666666667,578.95,636.4,633.35,685.75
171,5471.56666666667,3829.23333333333,2191.38333333333,2506.98333333333,1863.06586666667,1659.31316666667,1580.51326666667,1698.04786666667,992.0995,1019.06566666667,728.016666666667,751.866666666667
172,2754.06666666667,1848.78333333333,1005.5,1589.7491,692.8496,582.55,619.25,518.332,506.7495,751.7,549.6,500.75
173,4651.56666666667,3664.1907,2726.4575,1588.12653333333,1150.0828,990.308266666667,1254.03273333333,789.730666666667,764.972,921.112933333333,21.9273,16.517
174,5121.9,3621.8636,2693.06576666667,1574.6491,1191.62283333333,1069.5955,1126.84486666667,834.64,874.157333333333,797.8925,606.886,594.9496
175,6537.03333333333,2168.63886666667,1669.28243333333,1252.4115,973.711966666667,848.811866666667,1202.22216666667,663.1405,605.5805,4.344,29.428,19.024
176,2333.5,1828.07133333333,954.557466666667,1005.90553333333,827.661966666667,657.2319,687.355266666667,653.8905,584.256666666667,532.568,585.889366666667,520.8896
177,151597.9,46733.4333333333,32178.75,13832.0486666667,16864.5889666667,15044.2525,9831.85366666667,8280.72116666667,9948.37476666667,2780.9849,2166.33716666667,1754.22863333333
178,9502.9,5732.06666666667,3417.48333333333,2932.05,2341.16366666667,1929.41466666667,1534.3,1523.2,1455.648,953.1995,852.479333333333,847.983333333333
179,7051.66666666667,2206.73216666667,1762.15,1777.749,1120.2136,1105.91566666667,1232.29483333333,825.313366666667,647.477866666667,839.028666666667,620.6,796.05
180,8478,4633.431,3752.53333333333,2253.247,1983.295,1841.03176666667,1760.9243,1386.0424,1294.53083333333,1407.22933333333,1046.9358,1021.59416666667
181,14962.5333333333,13265.0646666667,5396.9,3601.16666666667,2745.62833333333,2024.90466666667,2294.17893333333,1709.82643333333,1472.53946666667,1511.53093333333,1176.875,944.7995
182,2418.96666666667,997.091066666667,743.9591,681.1466,738.1541,739.3776,694.859066666667,546.0111,542.245,598.465166666667,563.216,559.9
183,12952.9,4690.13066666667,4922.91666666667,10220.4166666667,3746.39843333333,3559.76346666667,2093.48003333333,1967.87333333333,1881.3642,1736.26326666667,596.933333333333,572.9
184,24483.7666666667,8516.28496666667,4743.23863333333,3764.75593333333,1989.4519,1604.7647,1876.2265,1552.30933333333,1070.55663333333,1312.25196666667,1015.22833333333,1022.35866666667
185,2062.96666666667,889.635766666667,674.009666666667,838.290333333333,645.7286,576.2,669.6995,516.45,512.5,512.8,516.75,506.9
186,20120.0333333333,10423.2333333333,5065.28333333333,3075.68333333333,2513.5982,2136.26256666667,2174.03253333333,1992.28083333333,1572.647,1486.5973,1737.78053333333,1516.79416666667
187,152403.766666667,63598.4333333333,22689.3,32480.6666666667,47008.1959333334,9987.2295,7801.3859,4522.734,2874.8363,1657.10836666667,2103.09616666667,1097.02473333333
188,259667.433333333,168077.3,44761.1,39739.7833333333,24905.6727,12387.4281,8568.65726666666,11754.3496666667,8972.89546666667,7961.4434,7048.01033333333,4832.7646
189,10899.5666666667,7533.41666666667,3600.91666666667,2936.3,1923.1636,1952.23093333333,1519.3106,1328.78293333333,1332.16666666667,1265.5,1145.28093333333,1011.96066666667
190,4166.23333333333,2270.38333333333,1441.11666666667,1137.36376666667,703.816266666667,697.45,919.916266666667,603.8975,578.6491,760.048,640.65,599.3
191,3139.56666666667,1406.37666666667,949.6118,813.2996,690.614133333333,614.6436,687.107266666667,727.686,538.1364,570.474333333333,621.9199,557.7856
192,4746.96666666667,2431.349,1523.66626666667,1459.18266666667,851.6986,753.016666666667,1061.93333333333,773.314666666667,632.2636,660.65,553.5,587
193,82396.6,32179.9833333333,22390.532,10995.7,5997.93123333333,4043.06053333333,2219.34996666667,1990.94856666667,3230.5387,1932.3175,1746.81893333333,129.395
194,3266.63333333333,3104.1,1729.23213333333,1019.93033333333,993.3968,1026.13213333333,1018.3,753.729333333333,614.55,669.583333333333,649.698,550.916
195,53686,13856.5,7071.36626666667,4043.5496,3314.60446666667,3089.6905,2777.36216666667,2038.54,2231.7077,2245.80436666667,2566.79253333333,1776.2971
196,5821.2,2268.23333333333,1214.48333333333,1100.899,938.4656,995.998,953.3,764.616666666667,657,568.333333333333,636.65,673.9
197,45461.7333333333,21068.7666666667,24431.8333333333,9279.2,7660.07203333333,5119.866,3439.06333333333,2157.15203333333,2678.50613333333,2505.00863333333,2348.51286666667,2051.6936
198,32188.1666666667,20202.7333333333,9591.86666666667,5620.13283333333,4275.51466666667,2712.4105,2677.28103333333,2404.69573333333,2038.91166666667,2448.10986666667,1775.1587,1598.412
199,5159.6,3239.71666666667,1628.66466666667,1608.93133333333,1567.06483333333,991.05,898.083333333333,1016.88266666667,645.3,841.766666666667,681.216666666667,843.85
200,7280.76666666667,4278.31666666667,1786.06666666667,2498.96666666667,6813.68233333334,2113.764,2293.2995,903.4975,1147.6996,1074.65,785.85,629.048
201,2939.16666666667,1963.81616666667,1251.21666666667,1122.31376666667,830.916266666667,672.15,714.116666666667,628.1495,580.8991,634.066666666667,615.7,601.3
202,13335.6333333333,6106.53333333333,3470.46466666667,3905.65,1760.45,1608.10866666667,1572.37806666667,1116.76173333333,846.0465,1240.81666666667,1491.47933333333,1264.93083333333
203,35067.4,12670.2,7321.03333333333,6621.63333333333,6927.66376666667,2971.84603333333,2652.47933333333,1794.04626666667,1487.71616666667,1562.44603333333,1131.7315,777.199
204,288904.666666667,85930.1661666667,29037.7333333333,16475.7166666667,11923.8037333333,14114.6073,10478.8685333333,7694.4115,7493.28816666666,2376.03423333333,1087.92626666667,850.011533333333
205,7464.43333333333,3515.91666666667,1918.55,1635.06666666667,1351.798,1395.22586666667,1192.13043333333,749.048666666667,1168.65,1195.9988,1129.75,1010.35
206,15535.3,5391.43333333333,1875.38293333333,1758.06666666667,1761.61416666667,1220.37793333333,1241.96666666667,1452.48193333333,999.015866666667,1149.22933333333,1187.98783333333,1436.24106666667
207,30101.2666666667,15547.4333333333,5826.78266666667,4043.58333333333,2818.83133333333,2610.198,2239.6491,2523.44933333333,1828.63053333333,2034.78333333333,1998.5992,1872.54596666667
208,17911.3,8026.14613333333,6169.46043333333,2999.8782,2907.5475,1686.67453333333,1935.71406666667,1887.8452,1521.2337,1648.1768,1608.44033333333,1944.7184
209,138279.066666667,46464.3666666667,22341.2666666667,18496.4333333333,23801.7965,5054.32696666667,5131.93293333333,4380.09793333333,4003.86296666667,5067.5962,4037.32923333333,3757.545
210,16706.1666666667,7888.75,11493.5329333333,7767.7,3708.8426,3242.13046666667,1923.88846666667,2059.42843333333,2304.56026666667,1127.05576666667,970.1614,801.382266666667
211,3373.83333333333,3605.33333333333,1739.38333333333,1639.35,1214.8482,920.781333333333,876.633333333333,641.733333333333,624.4,583.783333333333,629.298,571.1
212,8226.53333333333,5322.75,3425.93333333333,1776.81666666667,1583.9496,1735.96666666667,1076.11466666667,1208.09866666667,850.416666666667,871.2,702.548,550.016666666667
213,2049.23333333333,1436.1452,922.497,1235.0129,597.062166666667,594.6,621.35,503.75,507,501.8,500,501.5
214,3339.5,3804.2415,1359.32933333333,1267.8375,928.603133333333,730.1447,873.646,641.896566666667,631.152333333333,680.894,802.142,700.466
215,25552.5333333333,8623.95383333333,6508.2693,4400.16143333333,2070.3907,697.740333333333,457.688966666667,360.945033333333,370.565333333333,354.0563,123.029,88.3676
216,5972.53333333333,6913.48093333333,3257.4976,2829.13133333333,7399.03133333334,2120.16466666667,2239.4441,1266.77253333333,832.883333333333,631.0972,1066.06266666667,555.45
217,2243.06666666667,1372.98333333333,1007.41666666667,1385.81666666667,651.3,585.866666666667,597.966666666667,557.8,518.25,518,514.4,504.5
218,48564.2,32431.8666666667,13016.4666666667,8703.1,5776.99433333333,3450.1476,3029.2155,2937.26666666667,4237.3258,2825.48193333333,2810.84436666667,2330.4725
219,3089.3,2017.21666666667,1014.61666666667,1113.06616666667,692.559166666667,612.3495,732.7995,532.55,511.9,547,543.8,530.15
220,8120.7,2945.26666666667,2330.24933333333,2069.7,984.6645,1555.83333333333,1741.51626666667,716.15,659.333333333333,648.866666666667,709.833333333333,608.1
221,11537.2,4952,2506.56516666667,1862.9,1497.77193333333,1556.06363333333,1422.59933333333,964.458666666667,988.813766666667,1221.31286666667,1117.646,853.816666666667
222,5087.66666666667,1853.95,1445.8996,1024.31666666667,641.832,574.748,707.112666666667,653.6,548.3985,538.116666666667,534.5,522.5
223,11390.2333333333,5604.74183333333,2388.1897,2112.17833333333,931.171933333333,1009.51466666667,1431.8508,860.395933333333,713.2787,827.799333333333,16.016,7.258
224,2446.66666666667,1507.75,1197.16466666667,844.1996,629.098,593.148,658.381333333333,536.15,535.35,515.45,526.6,505.8
225,33686.9666666667,15517.5666666667,8767.45,5195.98333333333,3560.11546666667,2576.73093333333,3355.9288,2139.21413333333,2213.5597,2070.71086666667,1988.98126666667,1884.27943333333
226,6164.76666666667,7532.68333333334,2051.16306666667,1672.88133333333,1298.2191,1301.46066666667,1652.315,833.561333333333,734.2476,661.772833333333,863.847666666667,800.365666666667
227,10989.0666666667,6107.01546666667,2699.8815,1907.11466666667,1866.38083333333,1322.6078,1662.6147,1076.9469,1165.93106666667,1437.6511,811.4691,1338.73643333333
228,6015.36666666666,3563.27913333333,1822.01566666667,1195.2995,864.294,824.997,956.066666666667,684.064666666667,687.748,655.216666666667,723.8,595.6
229,3436.86666666667,1961.3471,1221.98333333333,1059.93333333333,959.4655,1068.78283333333,977.928466666667,681.866166666667,641.529533333333,645.199,556.3,533.1
230,14125.1666666667,4314.08113333333,1626.195,1401.646,915.360666666667,1023.14933333333,1178.9,861.314266666667,742.95,696.033333333333,936.3976,703.1
231,7688.93333333333,2124.73333333333,1391.87933333333,1197.41466666667,834.8955,772.8475,943.5103,640.066,517.25,553.298,609.9936,622.947333333333
232,25496.3333333333,12435.8666666667,7631.05,4680.5,3955.29833333333,2391.57353333333,3417.90956666667,2342.64533333333,2037.59493333333,1753.7442,1528.12693333333,1455.9946
233,4710.76666666667,2582.58333333333,1478.7,1495.91666666667,1096.00866666667,757.862666666667,901.9495,900.932,603.416666666667,927.4913,603.3,926.514266666667
234,3042.23333333333,1938.6,1382.23333333333,1182.749,860.595866666667,669.7,696.366666666667,705.783333333333,626.582333333333,581.15,606.9,803.35
235,18228.5,9719.149,4266.91266666667,3722.96266666667,8689.19906666667,4084.602,2837.14476666667,1690.33306666667,1549.9175,1608.40966666667,1192.6249,997.358666666667
236,8889.93333333333,5067.398,3366.33133333333,1945.53333333333,1451.74853333333,1237.89226666667,1241.2996,968.316666666667,929.1945,866.464666666667,1158.19513333333,823.414766666667
237,15032.4333333333,7758.76666666667,6784.83333333333,3544.4,2197.41096666667,1867.56526666667,2024.85706666667,1668.8947,1844.3423,1873.91326666667,1590.8935,1304.87733333333
238,46311.0333333333,45627.1333333333,12097.6333333333,6741.96493333333,1751.33356666667,453.9029,515.4506,820.553833333333,344.353033333333,457.5685,322.716233333333,158.8845
239,14418.5,21688.466,8261.2,6480.83333333333,4698.34726666667,3039.44673333333,2305.29716666667,2056.37023333333,1873.7389,1572.50543333333,1326.7077,1011.72003333333
240,4539.16666666667,2356.86616666667,1483.38133333333,1712.91666666667,1219.93333333333,1309.39733333333,1256.67843333333,826.544366666667,781.482933333333,682.399,761.5,697.45
241,6623.5,2636.798,1310.69733333333,777.916666666667,794.2476,756.9996,974.098,579.081333333333,634.681333333333,545.85,561.35,566.9
242,110298.366666667,42830.9,30985.6996,18573.65,8565.02213333333,6911.77403333333,1421.1345,648.0743,626.965966666667,310.3963,304.384266666667,169.8081
243,3159.16666666667,2236.96666666667,1131.18333333333,1128.55,976.583333333333,854.682933333333,893.333333333333,676,681.616666666667,599.4,604.15,503
244,2526.86666666667,1754.38293333333,1003.35,779.554166666667,843.95,834.4996,896.3996,659.431333333333,605.449,559.283333333333,571.749,601.1
245,41626.7666666667,14637,5628.46666666667,4152.91666666667,2628.276,2896.81666666667,2139.9,2034.59693333333,2250.06666666667,1842.18233333333,1838.34653333333,1994.90603333333
246,19327.1333333333,17281.05,7240.9,4531.96666666667,5575.2,2466.31316666667,2428.864,1606.5652,1040.566,1548.11526666667,1283.86476666667,665.2985
247,20716.2,12227.2495,5836.43333333334,2997.897,2056.68493333333,2094.03193333333,1738.692,1521.5099,1865.0455,1761.71516666667,1929.72863333333,1618.8591
248,19062.1333333333,11272.1,8589.799,5862.71616666666,2731.85063333333,2106.25576666667,2134.0404,1700.48713333333,1856.7369,2399.54633333333,1902.01873333333,1286.06183333333
249,21250.1333333333,8384.8,9509.45,5858.71666666667,6535.96133333333,5664.2407,2851.87956666667,2132.46226666667,2324.145,1716.8444,993.833333333333,685.666166666667
250,5012.26666666667,3162.9611,1305.61426666667,1213.11466666667,810.415666666667,677.712166666667,1697.746,741.7788,883.512266666667,636.4495,1116.57333333333,706.146
251,3367.3,1725.52933333333,807.9584,817.0439,785.2778,824.287266666667,595.125333333333,823.4778,594.773833333333,800.048,820.1461,654.548
252,69158.9333333333,23312.566,8727.96666666667,7122.66516666667,3475.6803,2552.9279,2577.3487,2921.16126666667,2327.85806666667,2791.95566666667,2391.53683333333,1934.53553333333
253,3194.9,5654.95566666667,949.822766666667,1092.95576666667,317.5549,16.022,12.8109,51.4103333333333,10.01,5.2565,5.006,6.9595
254,9325.83333333333,6672.23293333333,4261.75,2599.9496,2029.42833333333,1735.3,1311.448,1512.76466666667,1459.87893333333,1220.31666666667,886.960266666667,1020.61226666667
255,6752.93333333333,4183.2811,1894.97666666667,1329.4709,1088.6239,1085.49653333333,1309.18196666667,909.693766666667,820.512266666667,684.8745,1015.0818,699.0784
256,10304.9333333333,3246.0571,1795.05363333333,1894.14033333333,837.987533333333,712.0286,362.416133333333,93.6314,21.1875,22.86,4.004,23.2214
257,4906.46666666667,2289.249,1506.75,1776.03333333333,1073.76016666667,848.815766666667,994.3602,635.7,693.098,591.4,616.65,581.85
258,2838.3,1452.29933333333,902.163333333333,917.416666666667,727.995,682.246,893.866666666667,639.398,634.3471,625.312666666667,865.231333333333,616.148
259,6067.06666666667,3765.27753333333,2136.5278,1921.29346666667,1042.72636666667,1416.75883333333,1566.91666666667,1412.3172,1224.62576666667,91.3701,65.2998333333333,4.7054
260,26620.3666666667,8245.03283333333,6733.41566666667,3234.8,4624.1491,9248.86666666667,2450.66516666667,1609.4306,1292.76466666667,1217.36216666667,858.446,622.5
261,44589.0333333333,27433.6333333333,10642.3666666667,5070.71666666667,3439.53503333333,2806.22176666667,3043.72766666667,2646.69006666667,2079.06636666667,2280.56013333333,2197.1335,1658.77143333333
262,63373.1333333333,25345.5333333333,25841.8833333333,14113.15,12653.8869,6385.0708,3663.34606666667,2547.77586666667,2448.5058,2538.04266666667,1724.7844,1222.56353333333
263,2591.53333333333,1468.4585,854.825433333333,933.850866666667,699.825,723.1988,762.7151,548.916666666667,554.95,537.197,600.898,555.65
264,3144.46666666667,2229.096,1225.8,1604.06466666667,937.124333333333,784.6977,801.4,542.447,735.798,625.596,786.398,526.85
265,2392.3,1786.449,947.3,1000.3495,667,547.2,554.866666666667,515.4,503.748,577.85,498.998,511.4
266,4549.5,2527.74866666667,1437.1,1696.796,921.716666666667,651.75,769.866666666667,605.062,549.598,563.748,702.65,562.55
267,11671.7333333333,4413.316,5511.68233333334,2486.33333333333,3185.93283333333,3319.016,1419.2481,1197.19603333333,1144.95,893.183333333333,580.75,550.8495
268,32162.2333333333,15478.6333333333,9936.03266666667,6523.36666666667,4139.85893333333,3151.44566666667,2353.05846666667,2164.95816666667,2030.22966666667,2255.2466,1883.51306666667,1714.32753333333
269,57021.2,36292.7333333333,14501.4333333333,9081.16666666667,6892.12786666666,3877.6465,3589.56106666667,3104.03376666667,2963.5697,3678.8974,2715.86273333333,2748.21393333333
270,8018.96666666667,4087.78293333333,2220.7,2035.65,1407.53033333333,1281.06566666667,1575.88333333333,1003.58133333333,776.9936,1108.28333333333,793.5,729.283333333333
271,25819.7,6030.36666666666,5853.36666666667,1520,2424.77766666667,2040.3901,2131.66166666667,1287.67976666667,1767.97446666667,1148.14143333333,1176.81316666667,1074.24333333333
272,134101.133333333,82944.2333333333,28688.4333333333,23188.9833333333,14723.5679,8471.51423333333,5981.41443333333,5978.68916666667,4826.1887,3450.33833333333,3074.66663333333,1965.80203333333
273,58463.2,49167.7666666667,15003.1166666667,10266.25,5949.9277,3227.6916,2738.3194,2865.82866666667,2995.75543333333,2323.2473,2328.3447,2094.91153333333
274,10393.0666666667,3013.32103333333,2220.3052,1512.35466666667,1288.96583333333,865.7771,1378.6864,928.518933333333,812.007433333333,845.736,764.731066666667,716.988
275,14359.7,9132.88233333333,8240.23333333333,4089.63333333333,4481.6445,3773.15703333333,2085.1252,1391.4713,1221.0445,1518.07273333333,1095.66196666667,699.9111
276,4331.16666666667,1901.96766666667,1274.31266666667,1354.42436666667,795.576266666667,771.898,990.359166666667,586.116666666667,633.85,661.65,544.7,554.1
277,45963.3666666667,13389.4666666667,5873.91666666667,4708.3995,2369.83463333333,2013.8486,2355.83333333333,2275.52896666667,2327.597,2851.19526666667,2112.15893333333,1880.47566666667
278,3021.4,1513.98196666667,906.8286,1032.61156666667,755.710566666667,143.547166666667,55.4587666666667,50.4339,80.8616,67.312,10.511,19.6172
279,4021.5,2778.11626666667,1834.9,1775.93333333333,1403.33333333333,1240.41666666667,745.65,570.398,538.048,542.55,504,500
280,4335.6,2460.88333333333,1368.81666666667,1241.73333333333,1117.89733333333,1154.78066666667,843.6,806.448,715.35,674.033333333333,762.65,726.066666666667
281,3358.1,1568.10793333333,1549.36126666667,931.896,976.870733333333,723.689666666667,549.5995,73.3555,36.1935,33.176,48.1083,7.01
282,9418.96666666666,4335.6,2715.66666666667,1608.4,1481.34516666667,1301.3496,1230.46226666667,925.408266666667,954.515766666667,1041.54866666667,868.849,720.199
283,16089.7333333333,26144.8,10702.1,5869.61666666667,3030.21066666667,2725.7195,2350.91843333333,2968.15153333333,2244.52313333333,1652.22326666667,1025.1341,2575.2221
284,27719.1333333333,13537.5666666667,10153.0333333333,5524.85,4273.23213333333,2781.03133333333,3016.5496,2413.64696666667,2333.31426666667,2483.11566666667,1903.96226666667,1660.48
285,25662.2333333333,14359.9571333333,4773.94156666667,3249.916,2796.69116666667,1104.9787,1370.64106666667,382.3562,385.6051,248.958633333333,189.607866666667,51.2646666666667
286,3273.46666666667,5373.16036666667,1807.46266666667,1620.166,1112.72943333333,1096.27893333333,1210.80926666667,933.476933333333,822.906,565.3445,650.94,607.248
287,14973.8333333333,5750.36426666667,2105.23333333333,1830.26666666667,1421.13333333333,1303.68333333333,1290.86066666667,1241.5596,1034.563,872.061166666667,1240.77033333333,1116.18653333333
288,9710.2,10618.8833333333,6009.61666666667,4320.01666666667,2982.01723333333,2965.84336666667,1847.2014,1402.31813333333,1306.14176666667,1176.6689,983.103566666667,761.414
289,31897.1333333333,14073.8333333333,7687.9496,4513.71666666667,2682.50236666667,2026.87993333333,2153.82893333333,1737.07883333333,1815.0847,2475.64446666667,1852.51186666667,1326.46256666667
290,37042.6333333333,15087.4103333333,6377.44753333333,4146.247,2371.47513333333,1817.07483333333,1934.90546666667,2427.13353333333,1995.30003333333,1906.57016666667,1660.0247,1676.12093333333
291,2516.66666666667,1732.03333333333,985.508166666667,682.798633333333,809.2436,754.55,824.931933333333,698.981333333333,600.699,563.783333333333,627.799,627.4
292,13892.9333333333,6799.696,3984.51566666667,3628.88083333333,2383.8531,1717.84693333333,1667.53093333333,1534.66226666667,1377.7472,1600.27666666667,1077.51426666667,1149.93333333333
293,5130.16666666667,2503.55,1600.71666666667,1353.53333333333,929.414,1065.33066666667,951.05,687.148,694.1,588.483333333333,786.348,688.8
294,20582.3666666667,4721.248,3324.4125,1817.6585,1556.16843333333,1663.96753333333,1715.57616666667,1045.5912,1270.55026666667,1153.7806,1090.04293333333,890.709333333333
295,2344.06666666667,1544.4024,910.632666666667,1020.53033333333,781.4828,751.363333333333,623.648,606.4904,627.04,577.043,559.95,512.7
296,4991.23333333333,4342.9,1323.86666666667,1170.91666666667,1150.97833333333,1323.06586666667,1317.58333333333,1026.15,737.45,730.8,946.6635,955.5491
297,35764.3333333333,10740.5304333333,8720.83333333333,7699.38133333333,5613.16166666667,8388.53093333333,2527.80803333333,2001.86883333333,1318.13063333333,1341.72726666667,868.0904,685.554266666667
298,20332.7,6674.77393333333,7907.748,7537.36116666666,5254.9621,2956.47746666667,2347.34426666667,1803.81573333333,1459.5252,1452.8216,919.267733333333,816.733333333333
299,4784.93333333333,2795.91666666667,1689.83133333333,1890.7496,1032.06616666667,754.098,955.783333333333,772.714,653.8936,740.392,809.014,651.4
300,11440.8,10134.3833333333,5195.58333333333,2883.75,1997.84136666667,1688.67633333333,1662.42876666667,1540.64253333333,1322.19443333333,1184.36616666667,1000.03103333333,1215.3995
301,4617.66666666667,1260.7,1007.81466666667,686.7986,584.4316,591.6,560.827333333333,589.462666666667,531.43,531.914666666667,588.2456,576.55
302,2623.3,1537.07516666667,841.049833333333,858.8472,674.425,723.1953,795.479766666667,557.166666666667,543.28,536.045,589.241,560.648
303,20791.9333333333,8395.79933333334,3280.43333333333,2829.46666666667,2047.56366666667,1969.5491,1916.85,2464.21666666667,1504.799,1376.68333333333,1451.08896666667,1570.98783333333
304,7922.96666666667,2272.28333333333,1514.02983333333,1173.20716666667,917.275333333333,732.7455,896.874933333333,608.064,538.85,572.482,646.166666666667,650.598
305,4858.86666666666,4313.16826666667,2114.23896666667,1336.14446666667,1478.88226666667,1474.96253333333,876.025333333333,1439.94623333333,947.293566666667,1307.9013,1214.6025,973.6947
306,9225.8,3306.36533333333,2072.348,1532.31106666667,1382.094,1066.01566666667,1143.96566666667,1087.81266666667,900.3155,1048.366,817.149,963.033333333333
307,14547.7,10546.1333333333,12223.05,4043.848,2907.56676666667,2024.48163333333,2645.75443333333,1887.82163333333,1754.6788,1609.79423333333,1854.34856666667,1526.7312
308,16542.9333333333,5334.21533333333,5612.21666666667,12234.2333333333,4316.6151,3734.01626666667,2562.366,2277.67913333333,2046.74793333333,1820.72743333333,686.782333333333,651.15
309,22869.2666666667,9108.93333333333,9119.56666666667,5974.58133333333,3233.95896666667,2757.29576666667,2800.4414,1759.07583333333,2059.76466666667,2042.73176666667,1971.09826666667,1530.36626666667
310,7438.36666666667,3863.65,2114.23333333333,1865.43333333333,1000.27336666667,1086.61813333333,1447.2051,941.682533333333,1131.75586666667,1030.51306666667,902.294,668.612666666667
311,2899.2,2881.13363333333,2570.53133333333,1787.77193333333,987.5467,790.945,912.580333333333,785.413866666667,810.711866666667,663.914266666667,673.761566666667,616.3
312,5624.46666666667,2681.48133333333,1800.78333333333,1341.28333333333,1088.98293333333,705.010666666667,961.666166666667,844.2495,684.933333333333,661.233333333333,912.85,795.616666666667
313,2985.6,1308.82013333333,940.996166666667,949.627166666667,647.081333333333,568.248,769.612566666667,584.581333333333,642.85,668.146,530.1984,525.348
314,70667.4,32230.8666666667,18163.3333333333,13364.6,10772.6596666667,5640.77866666667,4855.7152,5335.62993333333,4050.82993333333,5175.02753333333,3910.46136666667,3917.0636
315,73547,35192.1666666667,13019.0666666667,8950.43333333334,10208.6424333333,5826.49,4246.75926666667,3461.12933333333,3377.7249,3402.59286666667,2832.645,2374.36343333333
316,15009.5666666667,6328.03333333333,3952.082,3228.349,2038.60436666667,1787.611,1764.35926666667,1687.35016666667,1576.86086666667,1399.6076,1123.498,1012.25
317,5282.1,2706.68333333333,1696.55,1443.25,898.576833333333,806.881333333333,855.15,611.65,634.399333333333,916.3263,785.9,1156.81426666667
318,7517.13333333334,2909.17626666667,2115.16216666667,1769.1,874.9607,798.7564,1748.08473333333,1800.81293333333,1295.29543333333,809.9076,13.018,4.9555
319,11733.6333333333,6518.05,3920.2,2633.81666666667,4086.93193333333,3308.13283333333,1642.8995,973.4962,1186.61666666667,1502.86666666667,1015.296,653.866666666667
320,27409.9333333333,14224,5001.75,3738.85,2271.3676,1748.61506666667,2346.21266666667,1690.31226666667,1586.96093333333,1778.7776,1692.96616666667,1323.91666666667
321,3120.8,1472.14883333333,993.4285,861.8,788.217933333333,687.0476,772.279866666667,586.329333333333,600.5712,691.444,619.832833333333,552.65
322,11456.9,4834.43333333333,3019.93333333333,2829.26666666667,1809.5386,1598.94866666667,1975.38133333333,1244.19183333333,1083.44383333333,1008.25806666667,904.959866666667,794.466266666667
323,8375.36666666667,7360.3,2171.8,1924.16666666667,1469.363,909.864666666667,1023.44733333333,949.4,673.4475,736.416166666667,1140.58233333333,729.133333333333
324,5726.4,4539.45,2894.4934,2027.98033333333,1638.094,1772.948,1137.39633333333,1391.31666666667,1215.498,1164.31666666667,1061.4,880.615333333333
325,5420.6,3386.03456666667,1911.1235,1559.50443333333,1062.5103,998.444366666667,1074.128,1030.8445,922.455866666667,962.474433333333,777.317133333333,764.596
326,5304.13333333333,2853.31666666667,1687.16666666667,1512.53333333333,827.45,1141.43226666667,907.932933333333,561.716,540.166666666667,577.166666666667,707.4,565.1
327,7410.7,10295.1109666667,3588.71026666667,1943.115,1015.8074,448.338733333333,436.491666666667,246.0822,111.1304,51.2628333333333,71.4075,21.2264
328,18386.1,7115.214,2002.68043333333,1784.944,1396.85423333333,1956.77633333333,1571.48253333333,771.259533333333,821.246633333333,1336.3414,1364.946,852.8144
329,36548.9666666667,17753.4103,12526.2098333333,6717.35,3013.62083333333,904.7828,709.424866666667,549.3381,715.600066666667,650.590233333333,370.0115,158.654133333333
330,17441.6,7229.65,8724.63333333334,3460.11466666667,6423.6473,4218.55603333333,2442.29173333333,1588.72976666667,1823.26316666667,1758.61413333333,992.683333333333,731.4
331,5096.73333333333,4456.66466666667,1682.72933333333,1593.56416666667,1117.94243333333,950.542,795.6,710.914,622.75,619,733.946,712.166666666667
332,15012.0666666667,8788.9996,2838.53333333333,2439.48283333333,1882.52853333333,1943.11586666667,1897.51666666667,1569.45,1157.84933333333,1114.898,1062.28033333333,984.866666666667
333,2537.33333333333,1557.43133333333,1295.46666666667,778.783333333333,633.032,608.548,596.0995,887.980033333333,510.6,537.4,618.966666666667,556
334,3079.73333333333,1697.0132,1552.88176666667,1155.51466666667,1245.10766666667,868.6916,844.4392,670.74,638.936,750.379933333333,604.1552,555.7
335,20796.4666666667,10119.2166666667,4678.66666666667,2775.31666666667,2577.5942,2267.2496,1961.91616666667,1892.59866666667,1414.02993333333,1477.8,1859.76486666667,1554.2886
336,68544.5333333333,37160.5,11601.0333333333,7091.03233333333,5610.25076666667,3513.30636666667,3368.498,4680.5467,4039.39616666667,3198.5453,3997.55316666667,2881.85326666667
337,6117.4,4602.75,1905.58293333333,1088.33333333333,855.313333333333,1347.69193333333,924.312666666667,692.1,694.531333333333,973.3996,802.8495,678.35
338,3266.06666666667,2033.45,1608.0919,1152.7605,902.313766666667,891.8483,1082.549,627.533333333333,575.797,621.1496,613.25,551.966
339,191376.866666667,90318.2333333333,36783.7333333333,21181.85,11539.5568333333,6273.13896666667,8053.48893333333,9466.1084,7435.22733333333,4971.8817,5664.51306666666,3719.59083333333
340,2804.2,1967.08333333333,1144.86666666667,1059.6,1032,801.632933333333,720.416666666667,628.583333333333,673.95,534.533333333333,529.55,503
341,4324.53333333333,2059.4495,1232.65,1375.93333333333,834.814166666667,1047.95,1046.5956,763.7487,743.582333333333,694.348,594.05,614.416
342,23270.3,14652.4666666667,8594.06666666667,6534.26666666667,9570.83766666666,3121.58486666667,2652.61053333333,1859.84583333333,1750.67176666667,1267.6466,1230.94203333333,1031.2762
343,62888.2333333333,30603.9333333333,20501.9166666667,11688.3833333333,8914.28293333333,8552.39343333333,3149.45816666667,2488.313,2027.98433333333,1834.08796666667,1291.29673333333,1024.8729
344,5774.2,3392.38333333333,1781.55,1249.06666666667,961.3476,1272.24826666667,1087.448,607.416666666667,776.2485,691.083333333333,721.5,586.45
345,5046.4,3788.7,1638.13333333333,1526.96666666667,1493.55,1102.83333333333,897.830933333333,1096.83266666667,834.6495,1013.55,772.066666666667,927.366666666667
346,6000.66666666667,3701.21336666667,1686.17083333333,1162.41873333333,402.8649,246.045333333333,123.333466666667,123.480366666667,44.0395,1.004,17.2832,5.67
347,18398.5666666667,8144.2,7827.11666666667,6256.06416666667,2627.86096666667,2698.43253333333,2134.89586666667,1832.54363333333,1911.4966,2202.02683333333,1748.36533333333,1805.88093333333
348,3116.86666666667,2063.63333333333,1713.51666666667,961.548,1130.32026666667,1183.7422,917.577666666667,658.647,659.043766666667,594.179333333333,654.347,577.666666666667
349,14428.1,8797.36666666667,5480.81626666667,2940.6,2540.04533333333,1993.46466666667,1827.1628,1683.08133333333,1689.87993333333,1770.01666666667,1225.51426666667,1400.69283333333
350,11560.1666666667,4116.91666666667,2485.98333333333,2365.58333333333,1529.195,1274.51466666667,1337.58333333333,1307.9495,889.864,907.032933333333,957.55,919.148
351,2663.5,1704.449,1344.41033333333,1022.5982,705.962666666667,765.4156,821,582.8,519.35,520.75,582.15,526.05
352,19871.4666666667,8415.2,5966.21666666667,4679.93333333333,2392.48013333333,2207.38093333333,1915.76666666667,1849.3496,1749.3986,1915.51266666667,1576.03283333333,1337.998
353,3328,2929.08333333333,1728.21666666667,1755.46666666667,1555.86586666667,878.331333333333,891.933333333333,605.316666666667,602.15,589.75,520.7,517.5
354,6606.46666666667,7832.49733333333,3918.40856666667,3347.27313333333,1483.66573333333,1728.64136666667,2496.6506,1257.63756666667,1282.64833333333,1120.22903333333,946.234166666667,644.407666666667
355,17944.5333333333,7650.51626666667,4787.91666666667,3333.38133333333,5443.58213333333,2393.95,1958.18203333333,1892.81666666667,1849.88333333333,1459.93053333333,1403.08293333333,1441.859
356,58764.4666666667,38362.8666666667,10361.6333333333,6523.29933333333,4499.62653333333,3120.27933333333,2748.28333333333,2496.73133333333,2684.1312,2929.93293333333,2328.95726666667,2118.9908
357,2289.13333333333,887.446,760.964666666667,728.412,710.759666666667,535.946,587.714666666667,572.866166666667,516.6,519.6,531.5496,539.4
358,21463.1666666667,7012.048,3774.61516666667,1682.38233333333,2056.69733333333,1329.76466666667,1436.34776666667,1854.26616666667,1230.09733333333,1032.66316666667,1009.16033333333,1423.54056666667
359,10484.1333333333,4840.08226666667,4186.67593333333,2819.33233333333,1873.9859,1826.43866666667,1808.92676666667,2365.28083333333,1533.57026666667,1206.1971,1299.69283333333,1194.82203333333
360,24283.5333333333,9208.09786666666,4936.5857,3476.2821,971.516766666667,438.778366666667,260.0015,238.2509,133.0321,78.0250333333333,24.026,14.6526
361,14787.1666666667,4922.92916666667,3484.3261,1892.56986666667,1572.52093333333,1642.80526666667,1472.20506666667,944.5556,1194.82093333333,1076.58033333333,977.216933333333,984.4588
362,5512.13333333333,3267.9761,1063.69866666667,1343.49186666667,1313.6625,214.895466666667,316.003966666667,28.199,47.8499,74.7472,35.6846666666667,12.008
363,96282.6666666667,30200.0333333333,12408.4333333333,17989.5166666667,44446.0475,8471.86243333334,7441.96446666667,2788.87666666667,2062.98036666667,1634.22983333333,1952.12853333333,1672.81306666667
364,4383,3886.8465,2523.24376666667,2622.295,1889.98046666667,1275.7269,76.6492666666667,42.7915,19.608,6.8156,10.208,12.7595
365,14496.1666666667,4213.71003333333,2272.9923,1488.91573333333,1203.36973333333,901.7336,1597.57426666667,1136.8418,860.8801,845.4761,958.521066666667,831.5062
366,32485,16259.5333333333,17776.9666666667,10866.4333333333,5164.39833333333,5528.91666666667,3414.894,2538.97533333333,3254.8986,3182.88016666667,2207.3616,1851.8652
367,66671.1,24399.9666666667,8849.76666666667,7261.48053333333,4213.94693333333,3044.264,2559.9,3087.66666666667,2227.78033333333,2888.53293333333,2457.55,2539.0156
368,3405.7,2291.4971,1282.7965,808.394,760.325933333333,637.8484,639.931333333333,584.6995,553.514,535.048,810.9496,588.2495
369,6459.33333333333,3474.3,1345.08063333333,806.628333333333,1005.81466666667,1006.63186666667,1166.598,667.833333333333,584.1465,1230.31526666667,657.516666666667,604.616666666667
370,6613.1,4624.39246666667,1921.58966666667,1295.87023333333,339.4735,222.2796,131.3958,86.4327666666667,37.534,0.2525,13.6152,5.67
371,19832.4,14342.7313333333,11531.35,4055.83333333333,3009.492,2162.15813333333,2185.87346666667,1474.7457,1860.26893333333,1551.5077,1282.1928,1113.91873333333
372,6105.46666666667,4216.41666666667,2068.13283333333,1601,2973.63283333333,1789.95,880.233333333333,977.45,637.9,693.55,568.833333333333,785.266666666667
373,4309.26666666667,2642.899,1289.4896,887.811166666667,793.156166666667,837.044033333333,958.558866666667,684.25,641.658666666667,568.832,635.2436,626.048
374,48037.1666666667,23518.5333333333,15636.25,7877.88333333333,7388.9643,4104.6378,3494.20163333333,2471.8436,2749.26186666667,2299.27826666667,2319.3968,1957.27973333333
375,25588.1666666667,8753.05,2589.58173333333,1965.28333333333,1661.57683333333,1818.6986,2246.21666666667,1510.88133333333,1732.67516666667,1585.52603333333,1368.17093333333,1587.7796
376,11145.1,10529.4466666667,5889.94893333333,2550.91266666667,1978.54196666667,345.8491,392.4957,239.8816,91.3664,82.4649333333333,138.0052,142.363933333333
377,20913.6666666667,11202.4333333333,5148.13333333334,3354.21516666667,2269.20866666667,2006.65,1873.3495,1638.83166666667,1498.02953333333,1787.048,1339.23253333333,1037.98143333333
378,4636.86666666667,2275.41336666667,1596.55833333333,1562.78283333333,925.580433333333,1212.76163333333,1131.1975,1095.28083333333,797.330833333333,745.616666666667,606,818.05
379,3670.4,2036.6,1649.95526666667,961.642833333333,930.6447,726.666,798.226666666667,650.642,675.4396,912.660666666667,662.465866666667,576.3
380,2380.13333333333,1689.9,1224.35,797.5,772.3561,767.061666666667,744.664666666667,623.114666666667,561.364866666667,567.580933333333,573.2,580.966666666667
381,24889,9175.4,6733.46666666667,2939.28283333333,2435.7461,2259.16326666667,2724.18083333333,1766.5975,1798.91626666667,1864.16196666667,1428.92993333333,1786.46376666667
382,9360,4087.54723333333,2369.576,1888.70286666667,1190.75343333333,1162.77003333333,1186.55943333333,1192.46303333333,1128.32503333333,1131.9883,1058.5446,1007.93133333333
383,15222.5666666667,12326.0166666667,4356.46666666667,3126.33333333333,2032.36926666667,1606.308,2086.76346666667,1569.92966666667,1053.6904,1043.5476,950.199,725.515
384,60555.3333333333,59352.9,11648.8166666667,10394.1328333333,5254.60946666667,3848.45593333333,2827.812,4784.0638,3159.81033333333,3525.47383333333,2442.0041,1992.79813333333
385,4506.73333333333,4457.143,3070.31666666667,2146.0952,1050.694,1178.79616666667,1491.06613333333,1079.2588,1039.5811,27.8797,48.8886,16.9886
386,29359.2666666667,18801.7666666667,8476.88333333334,5276.85,3928.67453333333,2760.53233333333,3262.8476,2350.498,2395.66536666667,2180.68093333333,2271.58013333333,1837.73896666667
387,4584.3,3362.88333333333,1769.41666666667,1945.66666666667,1375.85,1173.2156,1199.43333333333,957.212666666667,963.731333333333,939.5991,631.2,546.398
388,9433.76666666666,4872.53253333333,2038.48333333333,1638.748,1502.66366666667,1191.39783333333,1389.18293333333,977.014166666667,850.046933333333,686.916666666667,722.25,693.65
389,25131.7333333333,9070.86666666667,9666.03333333333,4172.95,5275.4455,4760.7892,2282.7879,1590.97093333333,1774.52733333333,1802.4924,931.830933333333,722.9495
390,2999.76666666667,2048.31666666667,1205.43283333333,1224.65,709.964666666667,646.565333333333,672.883333333333,751.85,581.35,533.2,509.9,545.65
391,37385.7,15907.3126666667,17670.1107666667,19017.05,6196.19273333333,4931.39783333333,841.791566666667,643.089466666667,489.122566666667,341.9153,340.6133,112.901166666667
392,23669.6,6750.86666666667,3108.06666666667,1905.38333333333,1759.98153333333,1698.9496,1865.78133333333,1716.4476,1416.51476666667,1234.0472,1348.5486,1448.67306666667
393,7666.23333333333,8050.1492,2480.72866666667,1424.40533333333,967.453333333333,1503.45373333333,1264.32876666667,895.8792,1124.20966666667,902.7763,1335.98333333333,819.999333333333
394,5885.03333333333,5479.33253333333,2213.21666666667,1652.88133333333,1136.8492,1045.1426,1550.43216666667,2092.365,777.1601,701.510166666667,1148.22483333333,786.0964
395,56802.4666666666,15895.5,8323.38333333333,2960.48133333333,1676.64786666667,1856.5345,2037.28503333333,1321.5134,1507.48106666667,1805.48793333333,1057.2467,910.745633333333
396,11508.7333333333,7531.16586666667,2958.648,2170.83133333333,1811.31356666667,1243.86513333333,1521.8279,1138.7984,1113.18556666667,1646.39866666667,911.422666666667,791.838066666667
397,10425,3392.2197,3617.40703333333,2311.696,1411.25313333333,1354.38093333333,611.289633333333,168.7634,219.516366666667,63.6238,33.8796,36.4996
398,24008.6,7819.61926666667,7991.4413,12052.1323333333,4961.06443333333,3609.81406666667,795.284566666667,760.0638,370.338033333333,207.329733333333,85.5114,24.018
399,33208.2666666667,9883.7035,4221.38883333333,2477.3455,1559.29796666667,1509.14016666667,1775.2416,1657.56043333333,1325.15076666667,1191.62293333333,1180.50333333333,1202.7895
400,5280.53333333333,2077.7655,1458.43333333333,1336.88033333333,1009.26926666667,914.194433333333,853.131333333333,983.816666666667,891.981333333333,930.579333333333,762.248,827.414266666667
401,3422.3,2187.95,1564.4496,1415.01666666667,934.262,1232.7445,1032.8475,785.382266666667,724.730433333333,615.8476,653.55,630.333333333333
402,19379.2,2424.481,1538.4,3395.13333333333,16285.4308333333,851.548,1033.9966,808.283333333333,570.7995,591.75,779.75,664.4
403,3182.9,2427.18456666667,1029.87566666667,1007.47856666667,608.6562,738.0476,938.713166666667,726.896,568.703833333333,621.608,39.556,7.7615
404,137196.266666667,136814.2,38509.8333333333,35103.9333333333,26286.0251333333,12477.2344,6595.22523333333,6186.16006666667,10386.9872333333,5492.36583333333,5039.04943333333,4225.0422
405,3521.76666666667,1752.05,875.841733333333,744.5405,857.823166666667,580.098,714.9778,624.464666666667,551.75,576.5,603.8492,569.2
406,5240.66666666667,3655.75736666667,1657.90996666667,1182.2451,1120.14506666667,1175.05846666667,1221.85386666667,1036.22583333333,880.475,940.176033333333,772.638,780.85
407,6219.66666666667,4616.23333333333,1653.4,846.960166666667,887.343333333333,1115.57893333333,1096.26386666667,758.596,650.066266666667,570.766666666667,746.015666666667,862.315666666667
408,8524.73333333333,4796.96666666667,5493.48153333333,2696.28283333333,2381.1626,1676.08133333333,1824.74183333333,1376.68213333333,1478.76296666667,1182.5456,1140.3976,1034.01466666667
409,11813.6666666667,6818.45,2499.86666666667,2413.93333333333,1921.06516666667,1732.38333333333,1864.37933333333,2208.06666666667,1435.56466666667,1356.298,1359.4112,1263.2393
410,2073.36666666667,1945.28333333333,2020.71666666667,1622.73123333333,1074.81466666667,935.75,540.35,528.5,520.35,510.2495,503.6,504.75
411,27933.0666666667,5787.28043333333,4027.88283333333,7142.5976,2240.20606666667,1407.2475,683.5352,308.2392,296.451,83.2170666666667,41.1219,23.9735
412,3453.03333333333,2728.199,1606.31116666667,1252.27133333333,1202.7202,967.707766666667,856.8376,677.252,698.827,77.4149333333333,38.246,55.3686666666667
413,24910.1333333333,9285.7,3533.56526666667,2878.01666666667,1699.17363333333,1947.83053333333,1789.9,1480.58093333333,1583.81316666667,1638.78233333333,1805.53033333333,1134.11113333333
414,17061.5333333333,5761.39866666667,5031.4496,2254.76176666667,1761.06793333333,1863.75043333333,1925.41016666667,1273.17083333333,1537.71293333333,1545.02193333333,1142.46,1513.67876666667
415,3275.4,1417.26466666667,960.316666666667,1492.28333333333,932.666666666667,708.1992,805.331333333333,706.446166666667,674.341,640.15,745.0495,702.05
416,4248.43333333333,2651.22913333333,1261.09276666667,1015.15966666667,797.854266666667,805.734,821.3875,532.665166666667,40.2404,15.1132,7.7555,10.3433333333333
417,2732.73333333333,1060.28163333333,741.746,676.615766666667,591.532,564.5,597.516,876.05,510,510.5,545.8496,503
418,107049.166666667,80108.1,32526,12737.2166666667,8513.30116666666,4406.99843333333,3046.13113333333,3213.1274,4054.5117,2612.08266666667,2301.707,2279.42913333333
419,10406.5,4333.75836666667,4046.86486666667,2868.4728,2141.37846666667,1967.097,1397.13243333333,1601.0496,1437.66666666667,1323.26586666667,1216.83133333333,1231.4952
420,11341.8333333333,5541.63333333333,5142.66626666667,2214.76666666667,2042.1945,2134.4402,1588.71536666667,1251.77866666667,1306.53026666667,827.782033333333,743.166666666667,532.6
421,38688.4,13597.8607333333,6049.5679,4890.68533333333,1249.23423333333,560.9492,204.1834,194.882733333333,107.949433333333,55.3321,23.522,11.6466
422,3602.26666666667,4098.17596666667,3392.99146666667,1402.52943333333,1335.69156666667,1184.16173333333,1232.15396666667,797.808166666667,845.526733333333,691.707833333333,704.919833333333,672.980666666667
423,4377.9,1933.31566666667,949.330166666667,988.921166666667,735.2682,1335.71983333333,739.298633333333,599.458166666667,39.5740666666667,4.2092,11.5676,16.5125
424,85259.2,33024.9666666667,12122.4666666667,8515.85,5834.88726666667,4633.58203333333,3574.26336666667,3047.58266666667,4301.46296666667,4068.312,2704.843,2642.865
425,5272.3,5230.1591,2577.71116666667,927.731333333333,853.277333333333,956.776166666667,875.172833333333,994.7991,1077.49826666667,760.79,815.740833333333,111.551066666667
426,26907.9333333333,14101.347,8947.46666666667,4430.28066666667,7611.81466666667,3171.6995,3210.3925,1947.25853333333,1844.56786666667,1941.6782,1146.0529,1010.4304
427,9419.86666666666,10845.9747333333,2724.2935,1887.79056666667,511.396866666667,196.6694,184.2172,72.8838,51.9341,44.1243666666667,40.4094,17.2685
428,5314.96666666667,1775.31666666667,873.548,1207.5486,626.2456,606.380433333333,821.0412,553.798,510.8916,643.9656,588.2966,651.298
429,15594.6,6279.98283333333,5899.16666666667,3194.68133333333,5920.65,5355.81666666667,2642.26436666667,1148.17926666667,1439.93333333333,1455.6308,1202.5,907.333333333333
430,13321.5333333333,8355.33333333333,6922.86666666667,3519.81666666667,3627.25,3749.43333333333,2291.76666666667,2749.35,1514.88266666667,1246.06666666667,922.666166666667,754.716666666667
431,29995.6333333333,12343.8,8579.23333333333,4479.93333333333,3829.66386666667,2963.5109,2221.6637,2359.41426666667,2382.53333333333,2289.73033333333,1569.20566666667,1709.15676666667
432,2671.86666666667,1982.81666666667,1470.93333333333,1031.35,705.9995,675.4155,906.848933333333,549.1996,531,519.35,527.5,511.2
433,15131.4666666667,9714.26666666666,4626.55,2768.68333333333,1775.18153333333,1643.86576666667,1755.99626666667,1425.646,1179.92173333333,1485.72693333333,1390.66223333333,962.096
434,4517.73333333333,2122.13333333333,1436.35,1383.08133333333,797.846666666667,712.6,790.016666666667,685.933333333333,657.515266666667,580.85,624.133333333333,851.5
435,5677.83333333333,4390.3,1748.41666666667,956.661166666667,997.563333333333,1190.11266666667,1196.81616666667,868.346,692.232533333333,582.816166666667,709.915666666667,886.265666666667
436,3503.6,2760.82643333333,1732.50593333333,1552.0255,1111.96583333333,956.988166666667,1023.594,676.044233333333,691.665333333333,648.6728,718.5775,538.478
437,17672.9333333333,5746.96666666667,3248.7496,2181.73333333333,3019.21416666667,6394.048,1654.76366666667,1514.78333333333,1390.964,644.1,628.6,526.583333333333
438,7685.73333333333,8171.2487,1566.80313333333,1506.79396666667,562.020533333333,519.946833333333,680.464666666667,133.382133333333,104.592266666667,207.0581,58.2387,26.986
439,65402.3333333333,35494.3333333333,16615.6333333333,5967.05,3428.22906666667,3006.6088,2670.00446666667,2820.5609,2579.14263333333,2322.18033333333,2303.22203333333,2147.8385
440,3998.83333333333,1305.1913,785.7284,669.1381,639.268066666667,649.2435,961.3905,594.581333333333,598.843866666667,6.512,24.523,2.7575
441,16250.9333333333,9765.88233333333,4708.72733333333,3557.28133333333,9485.23186666667,4474.51466666667,3079.80876666667,1607.24966666667,1566.517,1645.04486666667,1116.10883333333,937.678833333333
442,2583.63333333333,1529.1,1341.06666666667,911.983333333333,1243.94393333333,1074.347,1002.61466666667,620.466666666667,541.348,651.862666666667,575.4995,581.698
443,6095.13333333333,3651.01146666667,1856.51066666667,1153.77726666667,898.6195,789.7554,1499.46126666667,673.219,721.559733333333,40.7505,24.6287,20.1566
444,19622.4,6288.25953333333,6152.55446666667,4278.43293333333,1881.7717,1626.49333333333,1951.92006666667,1649.97093333333,1579.1373,1514.3805,899.9051,835.537333333333
445,3019.2,1365.42853333333,1083.87833333333,874.9991,731.582,895.898,750.948,678.616,557.3,542.883333333333,634.05,535.45
446,23292.9333333333,12494.5166666667,3406.08333333333,2845.61666666667,2706.11666666667,2223.5,1667.6985,1835.9,1880.96586666667,1985.7,2032.666,1779.0087
447,10955.5333333333,11844.9333333333,5728.3,3746.35,4845.06626666667,2440.88266666667,2010.85,998.531866666666,860.882833333333,1467.9487,1169.23293333333,715.3995
448,2962.76666666667,2085.96216666667,1497.41466666667,1360.62483333333,965.054433333333,690.5967,894.548,655.002566666667,640.076333333333,661.5988,791.394,698.216
449,5313.16666666667,2798.46666666667,1808.33333333333,1622.95,1151.398,933.214666666667,871.466666666667,645.98,541.666666666667,575.15,652.05,684.9
450,15793.8,6105.98283333333,2731.56316666667,1891.75,1705.33083333333,1746.59766666667,1615.76666666667,996.252,1025.46576666667,1430.698,1230.16466666667,977.35
451,2431.26666666667,990.116666666667,930.183333333333,818.497066666667,1058.7475,629.966266666667,642.364666666667,528.9992,539.3,565.3,569.15,536.6484
452,47020.2666666667,13426.3666666667,6138.16666666667,3818.03243333333,2971.11126666667,2503.8135,2159.77983333333,2418.99833333333,1862.79443333333,2160.31366666667,2016.7428,2226.8267
453,8155.33333333333,3264.61666666667,2336.21466666667,1689.55,1457.67933333333,1313.76333333333,1343.9116,971.6155,881.933333333333,943.716666666667,886.748666666667,869.748
454,111684.433333333,47717.0333333333,18942.1333333333,12509.0666666667,9554.399,5253.22673333333,4317.63026666667,3836.26526666667,3720.05573333333,4701.21576666667,4261.0975,3673.416
455,4776.9,2757.41466666667,1219.81466666667,1471.31666666667,1287.22926666667,1050.9496,969.215666666666,773.448,671.866666666667,633.75,647.15,569.316666666667
456,8589.2,3778.58333333333,1812.4,1199.86666666667,1089.87833333333,1002.73033333333,1289.3996,628.75,691.333333333333,776.582533333333,869.933333333333,797.515666666667
457,3348.86666666667,2706.76666666667,1454.2978,1039.97833333333,1158.51626666667,1428.6996,1000.38333333333,870.164666666667,696.383333333333,739.329333333333,638.096,654.266
458,15924.5333333333,9307.6,3933.85,2895.28333333333,2340.8,2238.35,1775.68166666667,1472.82993333333,1617.56666666667,1334.48333333333,1399.47693333333,1362.21413333333
459,17569.1333333333,6515.696,2506.3616,1827.49476666667,1577.56166666667,1465.82396666667,1612.72873333333,1305.58483333333,1261.44426666667,1135.66453333333,1125.40723333333,1069.67126666667
460,15862.1666666667,6274.3,3271.43333333333,2236.73333333333,1798.18133333333,1993.76666666667,1801.205,1568.224,1412.97533333333,1281.50466666667,1115.08163333333,1251.5177
461,4829.33333333333,3852.2424,3293.34356666667,1360.8264,1401.84716666667,126.283,111.030833333333,109.7003,37.3036,96.9573333333333,49.4495,14.1125
462,48567.0666666667,20787.2333333333,7236.45,4208.55,2948.83113333333,2152.76623333333,2233.4621,2080.13886666667,2093.6887,2122.01073333333,1618.58613333333,1751.16316666667
463,95592.5,42514.3,14889.7666666667,8779.25,8624.48186666667,4207.5584,4852.20666666667,4714.07953333333,6515.0953,4561.9446,4920.32666666667,4787.4598
464,7082.2,5744.3,5292.91533333333,2729.46666666667,2599.63,2079.69733333333,1357.902,1494.75286666667,1427.35266666667,1281.88143333333,982.7096,1101.0952
465,2104.73333333333,1002.45,1008.3934,569.191,533.65,609.6995,667.182666666667,517.55,508.2,508.4,521.945,531
466,19624.1333333333,8263.31566666666,6990.78293333333,3280.96666666667,2242.82803333333,2404.19666666667,2317.894,1569.02883333333,1888.61466666667,1943.42523333333,1355.643,1495.97793333333
467,16359.2333333333,8147.35,5948,3453.75,3980.75,5231.56666666667,2834.6312,2049.41526666667,2050.21666666667,1558.34893333333,1212.2,782.133333333333
468,21396.7666666667,7823.76426666667,7204.293,4533.76666666667,2455.23243333333,2132.4953,2158.80033333333,1950.2387,1853.1706,1834.10386666667,1173.95533333333,1187.63743333333
469,56553.6666666667,21650.0329333333,10508.75,9732.93333333333,5424.18383333333,3612.6082,3461.19063333333,2652.0682,2376.83706666667,2711.98036666667,2455.7874,2448.9421
470,4489.53333333333,2468.85766666667,2635.1157,2342.496,1314.50406666667,688.233566666667,158.8143,161.9525,72.4942,78.6783,16.43,20.525
471,45342.4,62964.8166666667,10993.4666666667,14995.9136666667,7986.5425,5148.34426666667,2670.41316666667,3551.61486666667,5291.71003333333,2305.31036666667,1797.42663333333,1714.24333333333
472,138181.3,60819.8666666667,25442.9833333333,19647.3,7913.89056666667,6094.47816666667,5418.16766666667,5013.1578,4531.90916666667,3814.981,3860.01743333333,2465.1044
473,53972.5666666667,26930.0666666667,14505.3333333333,7369.079,5219.36746666667,3337.0193,1852.77053333333,1689.1277,1627.656,1337.98916666667,1626.03273333333,922.149
474,12273.8333333333,5539.55,2121.2,2197.53333333333,1768.58333333333,1711.5,1810.78293333333,1665.26666666667,1312.7495,1346,974.729533333333,1026.42923333333
475,18275.6333333333,11052.3333333333,8804.2,4702.15,5012.56316666667,4072.75653333333,2309.0216,1523.6045,1371.82316666667,1679.25596666667,1239.07463333333,698.9055
476,6762.03333333333,3321.63283333333,1613.85,1539.05,918.116666666667,873.566666666667,1048.83133333333,706.531333333333,678.1,607,647.2,583
477,43669.8333333333,22753.4333333333,15088.5,7628.66666666667,4755.9963,3635.7021,3219.08836666667,1988.77203333333,2771.94283333333,2766.0578,2641.77206666667,1761.98383333333
478,12648.5333333333,7553.63333333333,3771.916,3020.93333333333,1817.86803333333,1327.49403333333,1717.3741,1237.98293333333,1134.58233333333,1210.8452,1387.5976,901.133333333333
479,98035.8,70227.6666666666,25240.3666666667,12544.6653333333,7863.8766,2071.9776,1118.7359,1313.61836666667,1454.5573,1284.81246666667,1447.5218,672.794133333333
480,3159.86666666667,1471.98133333333,1166.198,946.6477,694.162266666667,779.5636,675.9996,684.1,768.25,653.25,665.183333333333,602.55
481,5926.4,3026.92626666667,1839.87893333333,1428.41266666667,1154.46333333333,1360.77683333333,1483.4288,757.780266666667,1114.6396,1340.32933333333,766.615266666667,727.733333333333
482,50757.8,26511.5,10592.7996,5566.7,5792.85163333333,2774.2276,3121.0854,2764.3423,2148.9727,2435.65463333333,2201.15183333333,1923.9228
483,3254.7,2068.82756666667,998.233333333333,796.335833333333,676.138266666667,1115.0912,1075.2906,622.896,580.839333333333,661.4676,31.7895,6.515
484,32234.5333333333,15040.9325333333,7679.53376666667,2931.10666666667,2379.4358,2786.53183333333,1984.79543333333,1860.76466666667,2269.67993333333,3289.56666666667,1105.37933333333,1121.477
485,103056.433333333,48534.1333333333,15672.0833333333,9910.33333333333,8443.79733333333,4292.96586666667,4639.36626666667,4663.81626666667,3570.69593333333,4551.88293333334,4669.47723333333,4013.1485
486,7188.83333333333,4489.15,3352.0996,2219.01666666667,2411.78333333333,1808.06426666667,1218.3492,1829.33133333333,1463.91666666667,1224.28333333333,1173.71176666667,1390.26386666667
487,3408.4,1201.05,895.209666666667,994.594,727.28,598.760066666667,647.25,600.298,516.4656,594.898,653.4956,582.35
488,4270.56666666667,2592.31666666667,1274.78133333333,1636.598,855.8,839.295,819.283333333333,691.878833333333,722.966666666667,875.065866666667,663.748,979.2984
489,24452.3,6998.8996,4849.79733333333,3110.4995,1912.87713333333,1739.73216666667,1939.3975,1624.21616666667,1405.32466666667,1603.6441,1291.2638,1155.1788
490,16459.8,9229.18333333334,4432.16666666667,2389.6,1978.8458,1561.79,1841.946,1553.70983333333,1306.8463,1462.345,1064.248,1134.58283333333
491,17194.3,10971.1815,5528.58333333333,3584.58333333333,5243.31536666666,1611.60543333333,2161.83896666667,1677.50493333333,1559.2715,1545.62203333333,1720.42153333333,1282.80133333333
492,9216.63333333333,3283.93333333333,1996.66466666667,1575.58283333333,1061.85616666667,1488.25346666667,1101.66426666667,734.8461,985.949333333333,1116.9,1039.25,761.916166666667
493,4657.26666666667,4017.21666666667,2505.13333333333,2173.88333333333,2653.53243333333,1557.09196666667,1374.4948,1195.56466666667,922.866666666667,1209.63283333333,637.498,623.3
494,2652.66666666667,1360.761,1114.92866666667,1139.72713333333,733.655233333333,670.2985,833.379333333333,572.094,599.144,563.044,537.099,530.2
495,28327.0333333333,14776.3166666667,7064.48333333333,6448.6,3632.68066666667,3503.616,2465.26496666667,2628.31666666667,2958.1495,2936.76666666667,1771.68053333333,1952.31666666667
496,2354.56666666667,1716.95,1464.16666666667,1328.56626666667,752.033333333333,579.181333333333,708.6,526,512.25,515.1,528.5,517
497,22434.6666666667,12783.7333333333,4819.81666666667,3281.53333333333,2001.6691,1626.76546666667,2064.09133333333,1532.67483333333,1288.538,1409.0607,1298.97733333333,1029.73033333333
498,61275.4666666667,24776.7666666667,10560.0166666667,6412.2,4864.76626666667,3793.76506666667,2673.31466666667,3171.32933333333,2743.77843333333,3675.54793333333,2846.34733333333,3179.61333333333
499,8209.96666666667,6187.11666666667,2604.58133333333,1477.05,1193.96133333333,1193.45993333333,1111.26506666667,822.296,916.9996,986.7961,900.444,796.264166666667
500,61383.9,31735.9666666667,18293.9666666667,5904.08333333333,3701.06716666667,2675.5976,2432.62553333333,2430.89106666667,2264.90296666667,2323.14726666667,1783.1842,1862.6086
501,114403.333333333,55529.1333333333,23564.4,18755.0333333333,7275.81336666667,5258.33476666667,4987.51833333333,4051.33473333333,3899.19383333333,3324.45853333333,2868.91573333333,1822.28943333333
502,7348.2,8571.24453333333,4047.47383333333,3361.52213333333,1779.43666666667,1930.7216,2507.2728,1484.9267,1487.6392,1362.9027,1331.80166666667,1387.59986666667
503,2798.6,1919.10136666667,983.508866666667,908.7762,673.666666666667,666.1319,735.701266666667,764.0845,616.294666666667,698.038,761.183866666667,834.8836
504,3114.6,2000.70206666667,792.697533333333,965.132066666667,414.8015,162.252833333333,69.0527666666667,72.9639,88.276,69.65,12.515,11.6192
505,4279.76666666667,1761.48333333333,1553.81666666667,1157.93333333333,698.1496,653.099,727.316166666667,564.416666666667,585.514866666667,674.0996,650.3,600.35
506,41467.7,12783.3333333333,6511.91666666667,4805.5495,3127.8452,2490.58333333333,2175.9973,1991.46666666667,1875.097,1878.46386666667,1494.48033333333,1635.92916666667
507,89747.8333333333,91564.9333333333,19542.0833333333,22569.1666666667,12638.6048333333,7891.44356666667,4677.1996,6222.9142,7257.4267,5280.1954,3788.6038,3124.8792
508,21784.2666666667,9474.53333333333,6944.95,3616.03266666667,2280.7247,1977.51306666667,2111.6084,1690.54053333333,1891.07996666667,2037.8928,1748.96246666667,1489.56096666667
509,2679.2,1722.72876666667,1044.91966666667,743.2586,699.644533333333,926.396733333333,1550.24456666667,674.6841,643.352166666667,110.233133333333,15.7202,16.308
510,5485.1,3130.1496,3269.38333333333,1858.11666666667,2037.814,1855.6,1235.1,1147.898,1115.63133333333,979.110666666667,777.4496,918.6
511,5637.23333333333,3497,5060.3,2087.71666666667,2288.81666666667,1699.8992,959.698,1346.46666666667,1457.53333333333,1204.41666666667,1220.61216666667,1074.48133333333
512,2798.06666666667,2496.21666666667,1455.93133333333,938.35,793.764,717.6,654.25,606.45,569.766666666667,568.2,591.35,517.266666666667
513,30949.5,9716.98283333333,9212.7,6575.08333333333,3247.32763333333,3058.8626,2993.62603333333,1818.22696666667,2175.76346666667,2182.74553333333,2052.03033333333,1749.38293333333
514,19451.6666666667,12882.8166666667,8923.11666666667,5418.88133333333,5076.1106,2639.93013333333,2759.8115,2462.825,2703.8945,2296.4776,1369.06616666667,1438.32433333333
515,9323.3,6713.83,6101.58233333333,2505.89733333333,3054.81406666667,2161.94146666667,1190.01086666667,1102.2901,1325.4991,1088.28083333333,643.816666666667,666.7
516,41437,14509,6123.9,4757.51666666667,2568.8792,2163.69686666667,2413.73216666667,2090.52786666667,1630.46096666667,2076.4472,2054.76206666667,1987.7618
517,17989.5333333333,5022.80233333333,2392.44803333333,1393.90936666667,1198.30706666667,1197.05993333333,385.1166,159.8186,246.176166666667,86.1092,64.2328333333333,18.586
518,19607.2333333333,7079.61666666667,2653.65,1870.78333333333,1381.91216666667,1130.75996666667,1798.91326666667,1639.08333333333,979.880033333333,987.629766666667,1686.6467,1055.2444
519,3018.03333333333,1699.44633333333,1337.07173333333,1018.98826666667,910.464,852.15,785.865666666667,686.933333333333,557.3985,577.5,681.266,848.8
